interval_sec,num_actions
0,2.1016666666666666
1,1.8266666666666667
2,1.8566666666666667
3,1.63
4,1.82
5,1.82
6,1.5133333333333334
7,1.6766666666666667
8,1.575
9,1.7683333333333333
10,1.5533333333333332
11,1.545
12,1.3966666666666667
13,1.6083333333333334
14,1.6083333333333334
15,1.5583333333333333
16,1.315
17,1.6466666666666667
18,1.55
19,1.3916666666666666
20,1.3416666666666666
21,0.06666666666666667
